风险编号,风险描述,类型,概率,影响,等级,应对策略,负责人,状态
R001,多模块并行开发导致代码合并冲突频繁,技术,高,中,高,制定Git分支规范，每日合并主干，设立代码评审机制,架构师,监控中
R002,微服务模块间接口联调沟通成本高,沟通,高,中,高,建立接口文档先行机制，每日接口对齐短会，使用Swagger自动生成文档,技术经理,监控中
R003,BPM审批流引擎(Flowable)技术复杂度超出预期,技术,中,高,高,提前进行Flowable技术预研，准备简化版审批流方案作为备选,BPM组长,监控中
R004,多租户数据隔离方案在复杂业务场景下存在漏洞,技术,中,高,高,统一使用TenantBaseDO基类，编写租户隔离单元测试覆盖，代码评审重点检查,架构师,监控中
R005,国际化(i18n)翻译覆盖率不足导致海外用户体验差,质量,高,中,高,建立i18n翻译检查清单，引入自动化检查脚本，各模块提交前自检,前端组长,监控中
R006,数据库性能在高并发场景下可能出现瓶颈,技术,中,高,中,提前进行数据库索引优化和SQL审查，准备Redis缓存方案，对热点数据做预加载,架构师,已识别
R007,ERP模块财务计算规则与业务需求不匹配,需求,中,高,中,与财务部门确认最新会计准则，预留参数化配置能力,ERP组长,已识别
R008,第三方支付渠道(微信/支付宝)接口变更导致支付异常,技术,低,高,中,对接支付渠道升级通知机制，建立支付接口监控告警，准备降级方案,支付组长,已识别
R009,需求变更导致后期返工,需求,中,高,高,需求冻结日后严格控制变更，走变更审批流程,产品经理,监控中
R010,AI模块LLM调用成本和延迟不可控,技术,高,中,中,建立Token预算和调用频率限制，实现响应缓存和流式输出优化,AI组长,监控中
R011,部署脚本编写错误导致环境部署失败,技术,中,高,中,提前编写Docker Compose部署脚本，在测试环境充分验证,DevOps负责人,已识别
R012,WMS/MES与ERP数据同步一致性难以保证,技术,高,高,高,设计最终一致性方案，引入消息队列(RabbitMQ)异步解耦，关键数据增加对账机制,架构师,监控中
R013,前端多平台(Web/H5/小程序/App)适配工作量大,资源,高,中,中,优先保障Web和H5端，小程序和App端采用渐进式适配策略,前端组长,已识别
R014,代码质量不达标导致SonarQube门禁不通过,质量,中,中,中,开发阶段每次提交触发SonarQube扫描，及时修复质量问题,技术经理,监控中
R015,关键成员请假或离职,人员,低,高,中,各模块至少2人熟悉，建立知识共享机制，关键代码有文档,项目经理,已识别
R016,数据安全问题(测试数据泄露),安全,低,高,中,使用脱敏测试数据，禁止使用真实个人信息，Git仓库排除敏感文件,安全负责人,已控制
R017,ZATCA沙特电子发票合规要求变更,需求,低,高,中,持续关注ZATCA政策动态，预留适配扩展能力,ZATCA组长,已识别
R018,服务器资源不足导致演示时性能差,资源,中,高,中,提前申请扩容，准备降级方案(减少非核心数据加载),运维负责人,已识别
